{
  "Ansi 3 Color" : {
    "Red Component" : 0.71714216470718384,
    "Color Space" : "sRGB",
    "Alpha Component" : 1,
    "Blue Component" : 0.092118002474308014,
    "Green Component" : 0.6658928394317627
  },
  "Tags" : [

  ],
  "Ansi 12 Color" : {
    "Red Component" : 0.10320568829774857,
    "Color Space" : "sRGB",
    "Alpha Component" : 1,
    "Blue Component" : 0.99169284105300903,
    "Green Component" : 0.78264778852462769
  },
  "Ansi 7 Color" : {
    "Red Component" : 0.87973928451538086,
    "Color Space" : "sRGB",
    "Alpha Component" : 1,
    "Blue Component" : 0.8797488808631897,
    "Green Component" : 0.87975996732711792
  },
  "Ansi 8 Color" : {
    "Red Component" : 0.32782799005508423,
    "Color Space" : "sRGB",
    "Alpha Component" : 1,
    "Blue Component" : 0.32783189415931702,
    "Green Component" : 0.32783645391464233
  },
  "Bold Color" : {
    "Red Component" : 0.99860554933547974,
    "Color Space" : "sRGB",
    "Alpha Component" : 1,
    "Blue Component" : 0.55107885599136353,
    "Green Component" : 0.18106639385223389
  },
  "Ansi 9 Color" : {
    "Red Component" : 0.99860554933547974,
    "Color Space" : "sRGB",
    "Alpha Component" : 1,
    "Blue Component" : 0.55107885599136353,
    "Green Component" : 0.18106639385223389
  },
  "Ansi 4 Color" : {
    "Red Component" : 0,
    "Color Space" : "sRGB",
    "Alpha Component" : 1,
    "Blue Component" : 0.81191211938858032,
    "Green Component" : 0.62685704231262207
  },
  "Ansi 5 Color" : {
    "Red Component" : 0.39789503812789917,
    "Color Space" : "sRGB",
    "Alpha Component" : 1,
    "Blue Component" : 0.54865092039108276,
    "Green Component" : 0.31547874212265015
  },
  "Rows" : 25,
  "Default Bookmark" : "No",
  "Cursor Guide Color" : {
    "Red Component" : 0.70213186740875244,
    "Color Space" : "sRGB",
    "Alpha Component" : 0.25,
    "Blue Component" : 1,
    "Green Component" : 0.9268307089805603
  },
  "Non-ASCII Anti Aliased" : true,
  "Use Bright Bold" : true,
  "Ansi 10 Color" : {
    "Red Component" : 0.42949733138084412,
    "Color Space" : "sRGB",
    "Alpha Component" : 1,
    "Blue Component" : 0.74065512418746948,
    "Green Component" : 0.86353534460067749
  },
  "Icon" : 0,
  "Ambiguous Double Width" : false,
  "Jobs to Ignore" : [
    "rlogin",
    "ssh",
    "slogin",
    "telnet"
  ],
  "Ansi 15 Color" : {
    "Red Component" : 0.9562498927116394,
    "Color Space" : "sRGB",
    "Alpha Component" : 1,
    "Blue Component" : 0.95626014471054077,
    "Green Component" : 0.9562721848487854
  },
  "Foreground Color" : {
    "Red Component" : 0.9562498927116394,
    "Color Space" : "sRGB",
    "Alpha Component" : 1,
    "Blue Component" : 0.95626014471054077,
    "Green Component" : 0.9562721848487854
  },
  "Working Directory" : "\/Users\/katie",
  "Blinking Cursor" : false,
  "Disable Window Resizing" : true,
  "Sync Title" : false,
  "Prompt Before Closing 2" : false,
  "BM Growl" : true,
  "Command" : "",
  "Description" : "Default",
  "Mouse Reporting" : true,
  "Screen" : -1,
  "Selection Color" : {
    "Red Component" : 0.7615014910697937,
    "Color Space" : "sRGB",
    "Alpha Component" : 1,
    "Blue Component" : 0.99430257081985474,
    "Green Component" : 0.87257224321365356
  },
  "Columns" : 80,
  "Idle Code" : 0,
  "Ansi 13 Color" : {
    "Red Component" : 0.48607546091079712,
    "Color Space" : "sRGB",
    "Alpha Component" : 1,
    "Blue Component" : 0.89684361219406128,
    "Green Component" : 0.43724477291107178
  },
  "Title Components" : 5,
  "Custom Command" : "No",
  "ASCII Anti Aliased" : true,
  "Non Ascii Font" : "Monaco 12",
  "Vertical Spacing" : 1,
  "Use Bold Font" : true,
  "Option Key Sends" : 0,
  "Selected Text Color" : {
    "Red Component" : 0.9562498927116394,
    "Color Space" : "sRGB",
    "Alpha Component" : 1,
    "Blue Component" : 0.95626014471054077,
    "Green Component" : 0.9562721848487854
  },
  "Background Color" : {
    "Red Component" : 0.10000000149011612,
    "Color Space" : "sRGB",
    "Alpha Component" : 1,
    "Blue Component" : 0.10000000149011612,
    "Green Component" : 0.10000000149011612
  },
  "Character Encoding" : 4,
  "Ansi 11 Color" : {
    "Red Component" : 0.96323567628860474,
    "Color Space" : "sRGB",
    "Alpha Component" : 1,
    "Blue Component" : 0.23970609903335571,
    "Green Component" : 0.90355896949768066
  },
  "Use Italic Font" : true,
  "Unlimited Scrollback" : false,
  "Keyboard Map" : {
    "0xf700-0x260000" : {
      "Action" : 10,
      "Text" : "[1;6A"
    },
    "0x37-0x40000" : {
      "Action" : 11,
      "Text" : "0x1f"
    },
    "0x32-0x40000" : {
      "Action" : 11,
      "Text" : "0x00"
    },
    "0xf709-0x20000" : {
      "Action" : 10,
      "Text" : "[17;2~"
    },
    "0xf70c-0x20000" : {
      "Action" : 10,
      "Text" : "[20;2~"
    },
    "0xf729-0x20000" : {
      "Action" : 10,
      "Text" : "[1;2H"
    },
    "0xf72b-0x40000" : {
      "Action" : 10,
      "Text" : "[1;5F"
    },
    "0xf705-0x20000" : {
      "Action" : 10,
      "Text" : "[1;2Q"
    },
    "0xf703-0x260000" : {
      "Action" : 10,
      "Text" : "[1;6C"
    },
    "0xf700-0x220000" : {
      "Action" : 10,
      "Text" : "[1;2A"
    },
    "0xf701-0x280000" : {
      "Action" : 11,
      "Text" : "0x1b 0x1b 0x5b 0x42"
    },
    "0x38-0x40000" : {
      "Action" : 11,
      "Text" : "0x7f"
    },
    "0x33-0x40000" : {
      "Action" : 11,
      "Text" : "0x1b"
    },
    "0xf703-0x220000" : {
      "Action" : 10,
      "Text" : "[1;2C"
    },
    "0xf701-0x240000" : {
      "Action" : 10,
      "Text" : "[1;5B"
    },
    "0xf70d-0x20000" : {
      "Action" : 10,
      "Text" : "[21;2~"
    },
    "0xf702-0x260000" : {
      "Action" : 10,
      "Text" : "[1;6D"
    },
    "0xf729-0x40000" : {
      "Action" : 10,
      "Text" : "[1;5H"
    },
    "0xf706-0x20000" : {
      "Action" : 10,
      "Text" : "[1;2R"
    },
    "0x34-0x40000" : {
      "Action" : 11,
      "Text" : "0x1c"
    },
    "0xf700-0x280000" : {
      "Action" : 11,
      "Text" : "0x1b 0x1b 0x5b 0x41"
    },
    "0x2d-0x40000" : {
      "Action" : 11,
      "Text" : "0x1f"
    },
    "0xf70e-0x20000" : {
      "Action" : 10,
      "Text" : "[23;2~"
    },
    "0xf702-0x220000" : {
      "Action" : 10,
      "Text" : "[1;2D"
    },
    "0xf703-0x280000" : {
      "Action" : 11,
      "Text" : "0x1b 0x1b 0x5b 0x43"
    },
    "0xf700-0x240000" : {
      "Action" : 10,
      "Text" : "[1;5A"
    },
    "0xf707-0x20000" : {
      "Action" : 10,
      "Text" : "[1;2S"
    },
    "0xf70a-0x20000" : {
      "Action" : 10,
      "Text" : "[18;2~"
    },
    "0x35-0x40000" : {
      "Action" : 11,
      "Text" : "0x1d"
    },
    "0xf70f-0x20000" : {
      "Action" : 10,
      "Text" : "[24;2~"
    },
    "0xf703-0x240000" : {
      "Action" : 10,
      "Text" : "[1;5C"
    },
    "0xf701-0x260000" : {
      "Action" : 10,
      "Text" : "[1;6B"
    },
    "0xf702-0x280000" : {
      "Action" : 11,
      "Text" : "0x1b 0x1b 0x5b 0x44"
    },
    "0xf72b-0x20000" : {
      "Action" : 10,
      "Text" : "[1;2F"
    },
    "0x36-0x40000" : {
      "Action" : 11,
      "Text" : "0x1e"
    },
    "0xf708-0x20000" : {
      "Action" : 10,
      "Text" : "[15;2~"
    },
    "0xf701-0x220000" : {
      "Action" : 10,
      "Text" : "[1;2B"
    },
    "0xf70b-0x20000" : {
      "Action" : 10,
      "Text" : "[19;2~"
    },
    "0xf702-0x240000" : {
      "Action" : 10,
      "Text" : "[1;5D"
    },
    "0xf704-0x20000" : {
      "Action" : 10,
      "Text" : "[1;2P"
    }
  },
  "Window Type" : 0,
  "Blur Radius" : 7.9194618496192897,
  "Background Image Location" : "",
  "Blur" : true,
  "Badge Color" : {
    "Red Component" : 1,
    "Color Space" : "sRGB",
    "Alpha Component" : 0.5,
    "Blue Component" : 0,
    "Green Component" : 0.1491314172744751
  },
  "Scrollback Lines" : 1000,
  "Send Code When Idle" : false,
  "Close Sessions On End" : true,
  "Terminal Type" : "xterm-256color",